Nome da Empresa,Nicho,Telefone,Google Maps,Link do Instagram
Ocimar Hair Barber Shop,barbearia em São José dos Campos,(12) 3302-6561,https://maps.google.com/?cid=12713876816713926692,https://www.google.com/search?q=Ocimar%20Hair%20Barber%20Shop%20s%C3%A3o%20jos%C3%A9%20dos%20campos%20instagram&btnI=1
Barbearia Visagista QUIFF,barbearia em São José dos Campos,(12) 3341-9265,https://maps.google.com/?cid=4257897149963924972,https://www.google.com/search?q=Barbearia%20Visagista%20QUIFF%20s%C3%A3o%20jos%C3%A9%20dos%20campos%20instagram&btnI=1
Jardim Secreto - Ateliê de Beleza,salão de beleza em São José dos Campos,Sem Telefone,https://maps.google.com/?cid=11450294393832899105,https://www.google.com/search?q=Jardim%20Secreto%20-%20Ateli%C3%AA%20de%20Beleza%20s%C3%A3o%20jos%C3%A9%20dos%20campos%20instagram&btnI=1
Belle Dame Cabeleireiros,salão de beleza em São José dos Campos,(12) 3913-4143,https://maps.google.com/?cid=15416461740272548864,https://www.google.com/search?q=Belle%20Dame%20Cabeleireiros%20s%C3%A3o%20jos%C3%A9%20dos%20campos%20instagram&btnI=1
Studio GA,salão de beleza em São José dos Campos,(12) 3943-8817,https://maps.google.com/?cid=1853879870447302509,https://www.google.com/search?q=Studio%20GA%20s%C3%A3o%20jos%C3%A9%20dos%20campos%20instagram&btnI=1
Studio Formas & Fios Bia Lima e Verônica,salão de beleza em São José dos Campos,(12) 99703-0156,https://maps.google.com/?cid=5217455135614144517,https://www.google.com/search?q=Studio%20Formas%20%26%20Fios%20Bia%20Lima%20e%20Ver%C3%B4nica%20s%C3%A3o%20jos%C3%A9%20dos%20campos%20instagram&btnI=1
CI Beauty Concept - Av. Jk,salão de beleza em São José dos Campos,(12) 3929-1997,https://maps.google.com/?cid=4198635898348245317,https://www.google.com/search?q=CI%20Beauty%20Concept%20-%20Av.%20Jk%20s%C3%A3o%20jos%C3%A9%20dos%20campos%20instagram&btnI=1
Top Studio de Beleza,salão de beleza em São José dos Campos,(12) 98702-0239,https://maps.google.com/?cid=10368343487868740744,https://www.google.com/search?q=Top%20Studio%20de%20Beleza%20s%C3%A3o%20jos%C3%A9%20dos%20campos%20instagram&btnI=1
Salao Paraná,salão de beleza em São José dos Campos,(12) 98138-9898,https://maps.google.com/?cid=12881255594228549798,https://www.google.com/search?q=Salao%20Paran%C3%A1%20s%C3%A3o%20jos%C3%A9%20dos%20campos%20instagram&btnI=1
Casa de Beleza Maria,salão de beleza em São José dos Campos,(12) 3941-9025,https://maps.google.com/?cid=12097997075931274206,https://www.google.com/search?q=Casa%20de%20Beleza%20Maria%20s%C3%A3o%20jos%C3%A9%20dos%20campos%20instagram&btnI=1
